{
	"info": {
		"_postman_id": "ddd43f21-1598-4961-9da7-29b392d12e8c",
		"name": "M5A2 - encryptedpassword",
		"schema": "https://schema.getpostman.com/json/collection/v2.1.0/collection.json",
		"_exporter_id": "23652843"
	},
	"item": [
		{
			"name": "get all users",
			"request": {
				"method": "GET",
				"header": []
			},
			"response": []
		},
		{
			"name": "User1",
			"request": {
				"method": "POST",
				"header": [],
				"body": {
					"mode": "raw",
					"raw": " {\r\n    \"name\": \"Sai Sandeep Brundavanam\",\r\n    \"email\": \"admin@dxs.io\",\r\n    \"role\": \"admin\",\r\n    \"active\": true,\r\n    \"photo\": \"user-1.jpg\",\r\n    \"password\": \"password12345\",\r\n    \"passwordConfirm\": \"password12345\"\r\n  }",
					"options": {
						"raw": {
							"language": "json"
						}
					}
				},
				"url": {
					"raw": "http://localhost:3000/api/v1/users/signup",
					"protocol": "http",
					"host": [
						"localhost"
					],
					"port": "3000",
					"path": [
						"api",
						"v1",
						"users",
						"signup"
					]
				}
			},
			"response": []
		},
		{
			"name": "User2",
			"request": {
				"method": "POST",
				"header": [],
				"body": {
					"mode": "raw",
					"raw": " {\r\n    \"name\": \"Vinay M\",\r\n    \"email\": \"admin2@dxs.io\",\r\n    \"role\": \"admin2\",\r\n    \"active\": true,\r\n    \"photo\": \"user-2.jpg\",\r\n    \"password\": \"password123452\",\r\n    \"passwordConfirm\": \"password123452\"\r\n  }",
					"options": {
						"raw": {
							"language": "json"
						}
					}
				},
				"url": {
					"raw": "http://localhost:3000/api/v1/users/signup",
					"protocol": "http",
					"host": [
						"localhost"
					],
					"port": "3000",
					"path": [
						"api",
						"v1",
						"users",
						"signup"
					]
				}
			},
			"response": []
		},
		{
			"name": "User3",
			"request": {
				"method": "POST",
				"header": [],
				"body": {
					"mode": "raw",
					"raw": " {\r\n    \"name\": \"Padhu B\",\r\n    \"email\": \"admin3@dxs.io\",\r\n    \"role\": \"admin3\",\r\n    \"active\": true,\r\n    \"photo\": \"user-3.jpg\",\r\n    \"password\": \"password123453\",\r\n    \"passwordConfirm\": \"password123453\"\r\n  }",
					"options": {
						"raw": {
							"language": "json"
						}
					}
				},
				"url": {
					"raw": "http://localhost:3000/api/v1/users/signup",
					"protocol": "http",
					"host": [
						"localhost"
					],
					"port": "3000",
					"path": [
						"api",
						"v1",
						"users",
						"signup"
					]
				}
			},
			"response": []
		},
		{
			"name": "User4",
			"request": {
				"method": "POST",
				"header": [],
				"body": {
					"mode": "raw",
					"raw": " {\r\n    \"name\": \"Suneetha B\",\r\n    \"email\": \"admin4@dxs.io\",\r\n    \"role\": \"admin4\",\r\n    \"active\": true,\r\n    \"photo\": \"user-4.jpg\",\r\n    \"password\": \"password123454\",\r\n    \"passwordConfirm\": \"password123454\"\r\n  }",
					"options": {
						"raw": {
							"language": "json"
						}
					}
				},
				"url": {
					"raw": "http://localhost:3000/api/v1/users/signup",
					"protocol": "http",
					"host": [
						"localhost"
					],
					"port": "3000",
					"path": [
						"api",
						"v1",
						"users",
						"signup"
					]
				}
			},
			"response": []
		},
		{
			"name": "User5",
			"request": {
				"method": "POST",
				"header": [],
				"body": {
					"mode": "raw",
					"raw": " {\r\n    \"name\": \"srinivas B\",\r\n    \"email\": \"admin5@dxs.io\",\r\n    \"role\": \"admin5\",\r\n    \"active\": true,\r\n    \"photo\": \"user-5.jpg\",\r\n    \"password\": \"password123455\",\r\n    \"passwordConfirm\": \"password123455\"\r\n  }",
					"options": {
						"raw": {
							"language": "json"
						}
					}
				},
				"url": {
					"raw": "http://localhost:3000/api/v1/users/signup",
					"protocol": "http",
					"host": [
						"localhost"
					],
					"port": "3000",
					"path": [
						"api",
						"v1",
						"users",
						"signup"
					]
				}
			},
			"response": []
		},
		{
			"name": "get all users",
			"request": {
				"method": "GET",
				"header": [],
				"url": {
					"raw": "http://localhost:3000/api/v1/users",
					"protocol": "http",
					"host": [
						"localhost"
					],
					"port": "3000",
					"path": [
						"api",
						"v1",
						"users"
					]
				}
			},
			"response": []
		}
	]
}